Business_Name,Category,Neighborhood
贡茶 Union St,奶茶甜品,Flushing
Mango Mango法拉盛,奶茶甜品,Flushing
茉莉奶白,奶茶甜品,Flushing
雾鲜 WUXIAN TEA,奶茶甜品,Flushing
悸劯TEAPULSE,奶茶甜品,Flushing
瓷禧Teazzi,奶茶甜品,Flushing
Artisan奶茶,奶茶甜品,Flushing
Ke Tea・可茶,奶茶甜品,Flushing
老虎堂 地铁口旗舰店,奶茶甜品,Flushing
茶霸•缅街地铁口•奶茶,奶茶甜品,Flushing
TP Tea 茶汤会（美东首家）,奶茶甜品,Flushing
王室茶园Prince Tea House,奶茶甜品,Flushing
贡茶.新世界 •奶茶,奶茶甜品,Flushing
功夫茶Kung Fu Tea(新世界）,奶茶甜品,Flushing
馋百妹总店(新世界缅街总店),奶茶甜品,Flushing
三圆台式甜品,奶茶甜品,Flushing
魔力鲜,奶茶甜品,Flushing
BusyBee咖啡 •美式Brunch,奶茶甜品,Flushing
愿茶一店（缅街）,奶茶甜品,Flushing
大班饼屋Tai Pan Bakery,奶茶甜品,Flushing
HEYTEA喜茶 (Flushing Main Street),奶茶甜品,Flushing
芳茗轩 • 茶叶• 礼盒,奶茶甜品,Flushing
zaza tea手打柠檬茶,奶茶甜品,Flushing
今喜烘培•Jinsee.提拉米苏,奶茶甜品,Flushing
新品上袋｜喪茶,奶茶甜品,Flushing
THE DUO・咖啡,奶茶甜品,Flushing
Sweet Cats Cafe 法拉盛,奶茶甜品,Flushing
Artisan・奶茶・flushing,奶茶甜品,Flushing
PARTEA玩茶,奶茶甜品,Flushing
順家麻辣・Union St,粥面简餐,Flushing
撩香米粉,粥面简餐,Flushing
正宗沙具小吃（法拉盛）,粥面简餐,Flushing
敦煌兰州牛肉面(法拉盛）,粥面简餐,Flushing
Tai Tea 台派炸物＆拉面馆,粥面简餐,Flushing
101茶作 小台北＆拉面屋,粥面简餐,Flushing
海底捞便当盒饭简餐店,粥面简餐,Flushing
无门槛减6•潮汕牛肉•打杂牛,粥面简餐,Flushing
刘一手麻辣香锅冒菜,粥面简餐,Flushing
Nuan Xin Rice Roll · 暖心饭团,粥面简餐,Flushing
旺盛饭店•独享套餐,粥面简餐,Flushing
西安小吃(罗斯福）,粥面简餐,Flushing
云吞妹 Flushing,粥面简餐,Flushing
表妹螺蛳粉•法拉盛,粥面简餐,Flushing
一手包子店 • 粥面点心,粥面简餐,Flushing
椒珍麻辣烫•麻辣香锅,粥面简餐,Flushing
郑州烩面•15年老店,粥面简餐,Flushing
云楠米线,粥面简餐,Flushing
粥之家1广式风味,粥面简餐,Flushing
快鹿小吃,粥面简餐,Flushing
湖南嗦粉,粥面简餐,Flushing
湖南嗦粉1刀特惠 贵州苗家,粥面简餐,Flushing
君豪烧腊丨超值便当 •独享套餐,粥面简餐,Flushing
立减13.5刀 •蒸功夫,粥面简餐,Flushing
重庆小面,粥面简餐,Flushing
小螺啰螺蛳粉新世界,粥面简餐,Flushing
珍云南 过桥米线,粥面简餐,Flushing
游子老鸭粉丝汤•新世界店,粥面简餐,Flushing
君豪快餐•新世界美食城,粥面简餐,Flushing
六六生煎王,粥面简餐,Flushing
新世界兰州拉面,粥面简餐,Flushing
小红楼•第一上海菜,粥面简餐,Flushing
吖米米线,粥面简餐,Flushing
饱藏小吃 •卷凉皮,粥面简餐,Flushing
便当屋,粥面简餐,Flushing
家乐饼屋,粥面简餐,Flushing
新客送|秀八珍 •早餐,粥面简餐,Flushing
沟帮子烧鸡 熟食新世界,粥面简餐,Flushing
饱藏小吃•卷凉皮 法拉盛,粥面简餐,Flushing
老成都,粥面简餐,Flushing
皇功夫脆骨杯,粥面简餐,Flushing
地王手撕鸡,粥面简餐,Flushing
沈阳中街担担面,粥面简餐,Flushing
天津包子铺•新世界,粥面简餐,Flushing
馋百妹总店,粥面简餐,Flushing
沈阳中街担担面 曼哈顿团送,粥面简餐,Flushing
哥俩好砂锅士豆粉•盖饭,川淪湘菜,Flushing
顺家湘菜•盖饭•相约酒Bar,川淪湘菜,Flushing
龙门客栈 DRAGON GATE,川淪湘菜,Flushing
湘水山庄・米其林推荐,川淪湘菜,Flushing
海底捞火锅,川淪湘菜,Flushing
辛辣功夫•麻辣烫•麻辣香锅,川淪湘菜,Flushing
刘一手火锅 •独享套餐,川淪湘菜,Flushing
张亮麻辣烫•麻辣香锅•法拉盛,川淪湘菜,Flushing
蜀巷 •冒烤鸭|特价午餐,川淪湘菜,Flushing
老成都 LaoChengDu Spicy Food,川淪湘菜,Flushing
重庆老灶• 火锅,川淪湘菜,Flushing
1刀炒饭丨瀚宾园,川淪湘菜,Flushing
河北饼卷肉•麻辣烫,川淪湘菜,Flushing
立减10刀 •湘当有料 •法拉盛,川淪湘菜,Flushing
嗦粉世家,川淪湘菜,Flushing
立减22.5 湘当有料,川淪湘菜,Flushing
跨店点餐 新世界美食城,川淪湘菜,Flushing
食悦抚顺麻辣拌•特惠套餐,川淪湘菜,Flushing
胖东来肉蟹煲•独享套餐,川淪湘菜,Flushing
渔人码头 热炒,川淪湘菜,Flushing
客来勤(新世界）,川淪湘菜,Flushing
天府麻辣香錫・新世界店,川淪湘菜,Flushing
韩松亭•老字号 • 麻辣烫,川淪湘菜,Flushing
四川坂店・川菜,川淪湘菜,Flushing
张亮家的麻辣香锅,川淪湘菜,Flushing
(鸡尾酒买一送一）锦厨中式,川淪湘菜,Flushing
老妈麻辣烫•新世界,川淪湘菜,Flushing
大喜川菜,川淪湘菜,Flushing
周记烧烤,炸鸡烧烤,Flushing
一把手烧烤（法拉盛),炸鸡烧烤,Flushing
Umi Tea 夜宵版,炸鸡烧烤,Flushing
牧香串店 •烧烤烤串,炸鸡烧烤,Flushing
友情客串•烧烤.鲜活小龙虾,炸鸡烧烤,Flushing
老高烧烤纽约店Gao's BBQ & Crab New York,炸鸡烧烤,Flushing
小魏麻辣鸭脖,炸鸡烧烤,Flushing
在野 •烧烤小串,炸鸡烧烤,Flushing
胖哥烧烤•炸串,炸鸡烧烤,Flushing
天津胃YuanStar•卷圈,炸鸡烧烤,Flushing
可可小卤（法拉盛）,炸鸡烧烤,Flushing
月花坊,炸鸡烧烤,Flushing
CRISPY BURGER脆脆鸡,炸鸡烧烤,Flushing
牛B串・焼烤串串,炸鸡烧烤,Flushing
CooCooCaChoo | Tangram,炸鸡烧烤,Flushing
Popeyes 佰百鸡,炸鸡烧烤,Flushing
从前的小酒馆 Little Skewer,炸鸡烧烤,Flushing
免费鸡翅！摇滚鸡 Chick Rocks,炸鸡烧烤,Flushing
铁板鱿鱼 •炸串(新世界）,炸鸡烧烤,Flushing
欧尚OuSun Teriyaki铁板烧,炸鸡烧烤,Flushing
hwarak lab 火乐炙烤实验室,炸鸡烧烤,Flushing
九号炸鸡,炸鸡烧烤,Flushing
阳地村烧烤,炸鸡烧烤,Flushing
纽约黑鸭王 ALL ABOUT DUCK,炸鸡烧烤,Flushing
台北夯 5折便当Taipei Hong,港台粵菜,Flushing
闽都盛宴,港台粵菜,Flushing
东粵海鲜酒家,港台粵菜,Flushing
阿中台湾小吃.新世界美食城,港台粵菜,Flushing
维吞尔美食,港台粵菜,Flushing
老克勒X大喜川菜,港台粵菜,Flushing
富源肠粉,港台粵菜,Flushing
千禧宴会•夜宵独家套餐,港台粵菜,Flushing
千禧宴会 •早茶点心 •海鲜炖汤,港台粵菜,Flushing
稻香肠粉 •运费优惠,港台粵菜,Flushing
御香园・老牌粤菜,港台粵菜,Flushing
鸿旺闽菜•福州三菜一汤,港台粵菜,Flushing
老兰冰室•老蘭茶餐厅,港台粵菜,Flushing
奈哥酸菜鱼,港台粵菜,Flushing
君豪大酒楼•早茶点心,港台粵菜,Flushing
锅包肉•法拉盛,北方风味,Flushing
宵野烧烤*Flushing,北方风味,Flushing
陈记二猴烧鸡（清真）,北方风味,Flushing
玲珑轩丨东北菜,北方风味,Flushing
外婆人家|南北风味,北方风味,Flushing
yuanStar 胃嘴子,北方风味,Flushing
河南烩面,北方风味,Flushing
南通食府|泉水鱼庄,北方风味,Flushing
西安小吃（新世界）,北方风味,Flushing
老洛阳(帝王商场）,北方风味,Flushing
主烤官,北方风味,Flushing
金达莱 法拉盛二十年老店,北方风味,Flushing
雪园小吃铺•骨汤煮的馄饨,北方风味,Flushing
瓷禧Teazzi,奶茶甜品,Elmhurst
咕噜甜品KULU,奶茶甜品,Elmhurst
Vivi Bubble Tea,奶茶甜品,Elmhurst
Fungalaxy,奶茶甜品,Elmhurst
福利面包New Fully Bakery,奶茶甜品,Elmhurst
CoCo都可 (Elmhurst) 奶茶,奶茶甜品,Elmhurst
YaYa Tea,奶茶甜品,Elmhurst
十秒到,粥面简餐,Elmhurst
快乐牛肉面,粥面简餐,Elmhurst
陈豆花手工豆花店,粥面简餐,Elmhurst
祥兴小笼包•特色小笼包,粥面简餐,Elmhurst
哥俩好烧烤,粥面简餐,Elmhurst
Mr.Q BBQ Queens,粥面简餐,Elmhurst
明珠烧烤,粥面简餐,Elmhurst
正宗沙县小吃 (Elmhurst),港台粤菜,Elmhurst
上海真功夫・Elmhurst,港台粤菜,Elmhurst
华榕正宗福州小馆 •Elmhurst,港台粤菜,Elmhurst
乡缘家乡菜•Elmhurst,港台粤菜,Elmhurst
三味 San Wei Queens,港台粤菜,Elmhurst
Nangma Restaurant & Bar,港台粤菜,Elmhurst
TigerOne,北方风味,Elmhurst
HEYTEA喜茶 (Brooklyn 8th Ave),奶茶甜品,Sunset Park
Yummy Boba•7大道,奶茶甜品,Sunset Park
有米酸奶 •8大道•2.99酸奶,奶茶甜品,Sunset Park
Hong Cha 香茶,奶茶甜品,Sunset Park
JOOY TEA SHOPPE 53st,奶茶甜品,Sunset Park
Mango Mango 7大道,奶茶甜品,Sunset Park
VIV1 5大道•奶茶小吃,奶茶甜品,Sunset Park
Sugar Miss奶茶甜品,奶茶甜品,Sunset Park
茶霸 Tbaar 8大道,奶茶甜品,Sunset Park
空谷幽兰茶饮餐厅,奶茶甜品,Sunset Park
Onlyone • 茶言蜜语,奶茶甜品,Sunset Park
麦香坊,奶茶甜品,Sunset Park
J-Petal •可丽饼雪糕卷,奶茶甜品,Sunset Park
Uluhuluh•葫芦葫芦•东村同店,奶茶甜品,Sunset Park
台湾小站•超值便当,粥面简餐,Sunset Park
点茶轩 •广式点心,粥面简餐,Sunset Park
一桶天下•满20减13,粥面简餐,Sunset Park
满20减10• 鱼你在一起•7折套餐,粥面简餐,Sunset Park
伍号食堂 •$2.99特价 • No.5 Restaurant ,粥面简餐,Sunset Park
L&R Fusion Noodle House,粥面简餐,Sunset Park
游子老鸭粉丝汤 •8大道,粥面简餐,Sunset Park
巨有味 •砂锅士豆粉 •满20减11,粥面简餐,Sunset Park
一刀两断•满20减13,粥面简餐,Sunset Park
老福州BK Lao Fu Zhou,粥面简餐,Sunset Park
秦记桂林米粉,粥面简餐,Sunset Park
红苹果餐馆 •四菜一汤,粥面简餐,Sunset Park
沙县小吃60st,粥面简餐,Sunset Park
敦煌兰州牛肉面,粥面简餐,Sunset Park
热辣 漆烫四菜一汤BK,粥面简餐,Sunset Park
季北川•花胶汤米粉 •52街,粥面简餐,Sunset Park
回味小吃店,粥面简餐,Sunset Park
食来运转•特价四菜一汤,粥面简餐,Sunset Park
兰州拉面水煮鱼,粥面简餐,Sunset Park
海鲜鲜捞•豚骨浓汤,粥面简餐,Sunset Park
连江黄岐大妹小吃,粥面简餐,Sunset Park
空谷幽兰•8大道,粥面简餐,Sunset Park
手抓饼•6.99蛋炒饭套餐,粥面简餐,Sunset Park
幽兰便当 •意面蛋包饭,粥面简餐,Sunset Park
鸭先生•VIPO折-8,粥面简餐,Sunset Park
99捞化,粥面简餐,Sunset Park
一品老鸭粉丝汤,粥面简餐,Sunset Park
稻飘香,粥面简餐,Sunset Park
乡之香味,粥面简餐,Sunset Park
一级棒烧烤•唐老鸭绝味凉拌,粥面简餐,Sunset Park
港式点心,粥面简餐,Sunset Park
大丰收食堂,粥面简餐,Sunset Park
云楠米线 •骨汤米线,粥面简餐,Sunset Park
开封府锅贴•水饺锅贴,粥面简餐,Sunset Park
九号煎包,粥面简餐,Sunset Park
武仔鱼丸7大道,粥面简餐,Sunset Park
十秒到•云南过桥米线•59st,粥面简餐,Sunset Park
胡家小馆,粥面简餐,Sunset Park
包仔包子铺•满送扁肉,粥面简餐,Sunset Park
东方快车•满满家乡味 •早餐供应,粥面简餐,Sunset Park
奈方小吃・早餐,粥面简餐,Sunset Park
蒸味坊,粥面简餐,Sunset Park
45街大排档,港台粵菜,Sunset Park
CHOO FOR GOOD,港台粵菜,Sunset Park
一品鮮・福州小吃,港台粵菜,Sunset Park
正宗福県肉片・7大道,港台粵菜,Sunset Park
热辣四菜一汤 •美味四菜一汤,港台粵菜,Sunset Park
老酒馆 • 炒菜叠饭,港台粵菜,Sunset Park
高老庄全牛馆•满送糟肉光饼,港台粵菜,Sunset Park
99沙县小吃,港台粵菜,Sunset Park
囍發 •传统烧腊,港台粵菜,Sunset Park
渔港•海鲜酒家,港台粵菜,Sunset Park
金源饭店,港台粵菜,Sunset Park
吉祥畜•素食料理,港台粵菜,Sunset Park
正宗沙县小吃53st,港台粵菜,Sunset Park
金煌煲煲好7大道 •粵菜烧腊,港台粵菜,Sunset Park
锦凤源私房菜•传统闽菜,港台粵菜,Sunset Park
美食美客 •三菜一汤,港台粵菜,Sunset Park
港味轩•7大道,港台粵菜,Sunset Park
朱记沙县小吃,港台粵菜,Sunset Park
老盒饭•超值套餐,港台粵菜,Sunset Park
金煌大酒楼•粵菜烧腊,港台粵菜,Sunset Park
晓澳鱼丸,港台粵菜,Sunset Park
乐天酒家 •福州美食,港台粵菜,Sunset Park
老友記・粤菜,港台粵菜,Sunset Park
金都海鲜酒楼•传统粵菜,港台粵菜,Sunset Park
君悦食府,港台粵菜,Sunset Park
缘之素 •素食馆,港台粵菜,Sunset Park
沙县小吃45st•家乡味,港台粵菜,Sunset Park
好食轩烧腊 •日料,港台粵菜,Sunset Park
沙县小吃 59st,港台粵菜,Sunset Park
乐天早餐 •暖心早餐,港台粵菜,Sunset Park
火火烧腊•八大道,港台粵菜,Sunset Park
皇庭早茶•75折点心随心选,港台粵菜,Sunset Park
澜粵食府 •传统粵菜,港台粵菜,Sunset Park
乡里小吃店,港台粵菜,Sunset Park
黄鹤楼•全新川菜,港台粵菜,Sunset Park
海洋轩,港台粵菜,Sunset Park
夏潮•奶香麻辣烫,川渝湘菜,Sunset Park
最好吃的麻辣拌,川渝湘菜,Sunset Park
二娘金汤肥牛 •满20减10,川渝湘菜,Sunset Park
精味麻辣烫• 盖饭•46th st,川渝湘菜,Sunset Park
饿不二•招牌水煮鱼&特色麻,川渝湘菜,Sunset Park
小鱼小牛 •麻辣香锅,川渝湘菜,Sunset Park
鱼跃香锅•麻辣香锅,川渝湘菜,Sunset Park
飞龙麻辣香锅 •BK老牌香锅,川渝湘菜,Sunset Park
鼎泰轩•川渝米线,川渝湘菜,Sunset Park
无辣不欢•麻辣香锅,川渝湘菜,Sunset Park
精味麻辣烫 •6Oth st,川渝湘菜,Sunset Park
青蔬麻辣烫55街•BK,川渝湘菜,Sunset Park
川天下 •经典川菜,川渝湘菜,Sunset Park
争鲜酸菜鱼•BK,川渝湘菜,Sunset Park
老地方 •满20减13,炸鸡烧烤,Sunset Park
吃货吧,炸鸡烧烤,Sunset Park
源宝•5.99特价卤味,炸鸡烧烤,Sunset Park
寻鱼•美味烤鱼,炸鸡烧烤,Sunset Park
人生一串,炸鸡烧烤,Sunset Park
饿狼串说,炸鸡烧烤,Sunset Park
张亮麻辣烫•麻辣香锅,川渝湘菜,Chinatown
半价套餐・川外川,川渝湘菜,Chinatown
半价先生麻辣香锅,川渝湘菜,Chinatown
独享套餐｜水煮色,川渝湘菜,Chinatown
大龙焱•火锅•11.99麻辣汤套餐,川渝湘菜,Chinatown
麻辣锅物,川渝湘菜,Chinatown
大龙燚冒菜•11.99麻辣汤套餐,川渝湘菜,Chinatown
张亮麻辣烫•唐人街急速送,川渝湘菜,Chinatown
川外川 Famous Szechuan,川渝湘菜,Chinatown
茉莉奶白 Manhattan,奶茶甜品,Chinatown
老虎山 Tiger Hill •奶茶,奶茶甜品,Chinatown
HEYTEA喜茶 (Grand St),奶茶甜品,Chinatown
寺溢siyi•国风奶茶•关东煮,奶茶甜品,Chinatown
杜小姐茶饮,奶茶甜品,Chinatown
舞妓 Maiko•网红抹茶,奶茶甜品,Chinatown
HAATea 哈哈茶,奶茶甜品,Chinatown
Jooy Tea Shoppe•唐人街,奶茶甜品,Chinatown
juice time果汁时光,奶茶甜品,Chinatown
三圆台式甜品(唐人街）,奶茶甜品,Chinatown
大荣华饼家 手工月饼,奶茶甜品,Chinatown
大大饺子甜品铺DA DA Dumpling and Dessert,奶茶甜品,Chinatown
大班餅店,奶茶甜品,Chinatown
澜记Laankee,奶茶甜品,Chinatown
王老吉奶茶铺,奶茶甜品,Chinatown
贝肯庄唐人街,奶茶甜品,Chinatown
金兴纸包蛋糕 •香芋椰子味,奶茶甜品,Chinatown
圣玛丽精致烘焙坊•Luna By Sheng Marry,奶茶甜品,Chinatown
Pinklady Cheese Tart,奶茶甜品,Chinatown
沐白 I'Milky,奶茶甜品,Chinatown
老虎堂 奶茶饮品屋 •唐人街,奶茶甜品,Chinatown
Kung Fu Tea功夫茶,奶茶甜品,Chinatown
瓷禧 Teazzi•唐人街奶茶,奶茶甜品,Chinatown
LoveMi酸奶 • 下城,奶茶甜品,Chinatown
嘚瑟小雞登 汉堡奶茶Chill Chick,奶茶甜品,Chinatown
今喜烘培“提拉米苏”Jinsee Baking,奶茶甜品,Chinatown
最高立减7刀•大旺烧腊•唐人街,港台粵菜,Chinatown
台湾武昌好味道•全城配送,港台粵菜,Chinatown
麻布冰室 •茶餐厅•唐人街,港台粵菜,Chinatown
球面轩-地道广式风味•唐人街,港台粵菜,Chinatown
明旺食堂 •烧腊•唐人街,港台粵菜,Chinatown
银记肠粉,港台粵菜,Chinatown
鹿鸣春 Joe's Shanghai,港台粵菜,Chinatown
江南食府 •米其林中餐,港台粵菜,Chinatown
香港人和,港台粵菜,Chinatown
粤江春,港台粵菜,Chinatown
囍焼腊・唐人街火爆焼腊,港台粵菜,Chinatown
茶餐庁（唐人街急速送） BK,港台粵菜,Chinatown
点心意唐人街,港台粵菜,Chinatown
麻布冰室．【曼哈顿团送】,港台粵菜,Chinatown
茶餐厅•茄汁焗猪扒•唐人街,港台粵菜,Chinatown
点心意（唐人街急速送）,港台粵菜,Chinatown
老味道 Supreme Restaurant,港台粵菜,Chinatown
Fok Noodles Express,港台粵菜,Chinatown
有口福,港台粵菜,Chinatown
新世界茶餐厅,港台粵菜,Chinatown
鹿喎春 Joe's Shanghai,港台粵菜,Chinatown
明旺食堂・焼腊・唐人街急速送,港台粵菜,Chinatown
台湾武昌好味道•唐人街急速送,港台粵菜,Chinatown
台湾熊屋 •铁路便当 •盐酥鸡,港台粵菜,Chinatown
粤江春（唐人街急速送）,港台粵菜,Chinatown
云吞妹 •Chinatown,港台粵菜,Chinatown
456 江浙餐馆•特色小笼包,港台粵菜,Chinatown
明星茶餐厅,港台粵菜,Chinatown
麒麟金阁•唐人街急速送,港台粵菜,Chinatown
星云美食,港台粵菜,Chinatown
天旺大饭店•唐人街 ,港台粵菜,Chinatown
台湾熊屋 •唐人街急速送,港台粵菜,Chinatown
麒麟金阁,港台粵菜,Chinatown
银记肠粉 •唐人街急速送,港台粵菜,Chinatown
新鸿旺,港台粵菜,Chinatown
红围裙 • 潮汕风味小吃炸物,港台粵菜,Chinatown
喜运来 大酒楼,港台粵菜,Chinatown
苏杭餐厅 精选,港台粵菜,Chinatown
壹面馆,港台粵菜,Chinatown
HUUMA,粥面简餐,Chinatown
云楠米,粥面简餐,Chinatown
美丽华粥面馆,粥面简餐,Chinatown
一碗面•重庆小面,粥面简餐,Chinatown
Sanmiwago •包厘街新店,粥面简餐,Chinatown
季北川花胶鸡,粥面简餐,Chinatown
飘香源＋辛辣功夫 A+,粥面简餐,Chinatown
飘香源,粥面简餐,Chinatown
花茶面馆 •春龍,粥面简餐,Chinatown
Senbei NYC手工鲜贝,粥面简餐,Chinatown
鼎牛铁板牛排 曼哈顿,粥面简餐,Chinatown
金牌隆江猪脚饭•首登曼哈顿,粥面简餐,Chinatown
味千拉面,粥面简餐,Chinatown
美华排骨大王,粥面简餐,Chinatown
Sanmiwago•正宗台湾锅贴,粥面简餐,Chinatown
炒货好忙•坚果零食牛肉干,粥面简餐,Chinatown
唐人街西安面馆 •油泼面,粥面简餐,Chinatown
珍宝食坊,粥面简餐,Chinatown
富记肉脯•唐人街必吃小食,粥面简餐,Chinatown
Sanmiwago•包厘街新店,粥面简餐,Chinatown
1915兰州牛肉面-唐人街,北方风味,Chinatown
牛记Niukee-东北烧卖牛骨汤,北方风味,Chinatown
煎饼大师！老北京炸酱面 煎,北方风味,Chinatown
98k炸鸡汉堡Fried chicken,炸鸡烧烤,Chinatown
聚点串吧麻辣小龙虾,炸鸡烧烤,Chinatown
佰百鸡Popeyes,炸鸡烧烤,Chinatown
九九鸭,炸鸡烧烤,Chinatown
8k炸鸡 •汉堡＋小吃＋汽水,炸鸡烧烤,Chinatown